first_name,last_name,email,gender,password,address,profile_pic
Emily,Davis,emilydavis@example.com,F,password654,654 Birch Street,
John,Smith,johnsmith@example.com,M,password123,123 Oak Street,
Alice,Johnson,alicejohnson@example.com,F,password789,456 Maple Avenue,
Robert,Brown,robertbrown@example.com,M,password321,789 Pine Lane,
Sophia,Garcia,sophiagarcia@example.com,F,password567,321 Birch Drive,
William,Martinez,william.martinez@example.com,M,password111,654 Cedar Court,
Olivia,Lopez,olivialopez@example.com,F,password333,987 Spruce Street,
James,Anderson,jamesanderson@example.com,M,password444,123 Elm Avenue,
Charlotte,White,charlottewhite@example.com,F,password555,456 Oak Lane,
Mia,Harris,miaharris@example.com,F,password666,789 Maple Street,
